{
  "作者": "菜妮丝https://cainisi.cf",
  "站名": "555电影",
  "主页url": "https://www.555dd5.com",
  
  "分类": "Netflix&电影&连续剧&动漫&综艺记录",
  "分类值": "/label/netflix&/vodtype/1&/vodtype/2&/vodtype/4&/vodtype/3",
  
  "分类url": "https://www.555dd5.com{cateId}/page/{catePg}.html",
  
  "副标题": "module-item-note\">&&</div>",
  
  "搜索模式": "0",
  "搜索后缀":"/voddetail/",
  
  "导演": "导演：&&</div>",
  "主演": "主演：&&</div>",
  "简介": "<p>&&</p>",
  
  "线路数组": "data-dropdown-value=&&</div>",
  "线路标题": "<span>&&</small>[替换:</span><small>>>👉]+集♥",
  
  "播放数组": "module-play-list\">&&</div>"
}