{
  "name": "LIBVIO",
  //"url": "https://www.libvio.com",
  "url": "https://www.libvio.me",
  "tihuan": "dd520.cc",
  "User": "空",
  "shouye": "1",
  "fenlei": "电视剧$/show/2--------#电影$/show/1--------#综艺$/show/3--------#动漫$/show/4--------#动作片$/show/1---动作-----#喜剧片$/show/1---喜剧-----#爱情片$/show/1---爱情-----#科幻片$/show/1---科幻-----#奇幻片$/show/1---奇幻-----#恐怖片$/show/1---恐怖-----#剧情片$/show/1---剧情-----#战争片$/show/1---战争-----#冒险片$/show/1---冒险-----#国产剧$/show/2-中国大陆-------#台剧$/show/2-中国台湾-------#港剧$/show/2-中国香港-------#韩剧$/show/2-韩国-------#日剧$/show/2-日本-------#美剧$/show/2-美国-------#英剧$/show/2-英国-------",
  "houzhui": "---.html",
  "shifouercijiequ": "0",
  "jiequqian": "空",
  "jiequhou": "空",
  "jiequshuzuqian": "data",
  "jiequshuzuhou": "</h4>",
  "tupianqian": "original=\"",
  "tupianhou": "\"",
  "biaotiqian": "title=\"",
  "biaotihou": "\"",
  "lianjieqian": "href=\"",
  "lianjiehou": "\"",
  "sousuoqian": "/index.php/ajax/suggest?mid=1&wd=",
  "sousuohou": "&limit=500",
  "sousuohouzhui": "/detail/",
  "ssmoshi": "0",
  "sousuoshifouercijiequ": "0",
  "jspic": "pic",
  "jsname": "name",
  "jsid": "id",
  "ssjiequqian": "空",
  "ssjiequhou": "空",
  "ssjiequshuzuqian": "空",
  "ssjiequshuzuhou": "空",
  "sstupianqian": "空",
  "sstupianhou": "空",
  "ssbiaotiqian": "空",
  "ssbiaotihou": "空",
  "sslianjieqian": "空",
  "sslianjiehou": "空",
  "bfshifouercijiequ": "0",
  "bfjiequqian": "空",
  "bfjiequhou": "空",
  "bfjiequshuzuqian": "class=\"stui-content__playlist",
  "bfjiequshuzuhou": "</ul>",
  "zhuangtaiqian": "class=\"data\">总集数：",
  "zhuangtaihou": "</p>",
  "daoyanqian": "class=\"data\">类型：",
  "daoyanhou": "</p>",
  "zhuyanqian": "class=\"data\">主演：",
  "zhuyanhou": "</p>",
  "juqingqian": "class=\"detail-content\"",
  "juqinghou": "</span>",
  "bfyshifouercijiequ": "0",
  "bfyjiequqian": "空",
  "bfyjiequhou": "空",
  "bfyjiequshuzuqian": "<a",
  "bfyjiequshuzuhou": "/a>",
  "bfbiaotiqian": ">",
  "bfbiaotihou": "<",
  "bflianjieqian": "href=\"",
  "bflianjiehou": "\""
}
是  
    "sea_YN_twice": "0",
    //搜索二次截取前
    "sea_twice_pre": "空",
    //搜索二次截取后
    "sea_twice_suf": "空",
    //搜索数组前缀
    "sea_arr_pre": "col-md-6 col-sm-4 col-xs-3",
    //搜索数组后缀
    "sea_arr_suf": "/li>",
    //搜索图片，截取前缀&&截取后缀
    "sea_pic": "original=\"&&\"",
    //搜索标题，截取前缀&&截取后缀
    "sea_title": "title=\"&&\"",
    //搜索片单链接，截取前缀&&截取后缀
    "sea_url": "href=\"&&\"",
    //搜索片单链接补前缀
    "search_prefix": "https://www.libvio.me",
    //搜索片单链接补后缀，这个一般json搜索的需要
    "search_suffix": "",
    //搜索副标题，截取前缀&&截取后缀
    "sea_subtitle": "text-right\">&&<",
    
    //片单链接是否直接播放，0否，1是
    "force_play": "0",
    //直接播放链接补前缀
    "play_prefix": "https://live.52sf.ga/huya/",
    //直接播放链接补后缀，设置为#isVideo=true#可强制识别为视频链接
    "play_suffix": "#isVideo=true#",
    //直接播放链接设置请求头
    "play_header": "user$mozli#",
    
    //演员数据，截取前缀&&截取后缀
    "proj_actor": "data\">主演：&&</p>",
    //简介内容，截取前缀&&截取后缀
    "proj_plot": "简介：</span>&&</span",
    //线路是否二次截取，0否，1是
    "tab_YN_twice": "0",
    //线路二次截取前
    "tab_twice_pre": "",
    //线路二次截取后
    "tab_twice_suf": "",
    //线路截取数组前
    "tab_arr_pre": "stui-vodlist__head",
    //线路截取数组后
    "tab_arr_suf": "stui-content__playlist",
    //线路标题，截取前缀&&截取后缀
    "tab_title": ">&&</h3>[不包含:网盘]",
    
    //列表是否二次截取，0否，1是
    "list_YN_twice": "0",
    //列表二次截取前
    "list_twice_pre": "空",
    //列表二次截取后
    "list_twice_suf": "空",
    //列表数组截取前
    "list_arr_pre": "class=\"stui-content__playlist clearfix",
    //列表数组截取后
    "list_arr_suf": "</ul>",
    //集数是否二次截取，0否，1是
    "epi_YN_twice": "0",
    //集数二次截取前
    "epi_twice_pre": "空",
    //集数二次截取后
    "epi_twice_suf": "空",
    //集数数组截取前
    "epi_arr_pre": "<a",
    //集数数组截取后
    "epi_arr_suf": "/a>",
    //集数标题，截取前缀&&截取后缀
    "epi_title": ">&&<",
    //集数链接，截取前缀&&截取后缀
    "epi_url": "href=\"&&\"",
    //集数链接补前缀
    "epiurl_prefix": "https://www.libvio.me",
    //集数链接补后缀
    "epiurl_suffix": "",
    //尝试分析macplayer链接，0否，1是
    //网页源码中有<script type="text/javascript">var player_aaaa={"flag":"play","encrypt这种的链接解析
    "Anal_MacPlayer":"2",
    //是否开启手动嗅探，0否，1是
    "ManualSniffer":"1",
    //手动嗅探视频链接关键字，每个用#隔开
    "VideoFormat":".mp4#.m3u8#.flv"
}