{
"作者":"lekbox",
"站名":"推荐",
"主页url":"https://xiaoheimi.net",
"sousuoqian": "/index.php/ajax/suggest?mid=1&wd=",
"sousuohou": "&limit=500",
"sousuohouzhui": "/index.php/vod/detail/id/", 
"ssmoshi": "0",
"sousuoshifouercijiequ": "0",
"bfjiequqian": "空",
"bfjiequhou": "空",
"bfjiequshuzuqian": "sort-list", 
"bfjiequshuzuhou": "</ul>", 
"zhuangtaiqian": "更新：</span>",
"zhuangtaihou": "</p>", 
"daoyanqian": "导演：</span>", 
"daoyanhou": "</p>", 
"zhuyanqian": "主演：</span>", 
"zhuyanhou": "</p>", 
"juqingqian": "简介：</span>", 
"juqinghou": "<a", 
"免嗅":"1",
"副标题":"class=\"text-right\"></span",
"分类":"电影$1#电视剧$2#综艺$3#动漫$4#纪录片$21#体育$20",
"分类url":"https://xiaoheimi.net/index.php/vod/show/area/{area}/by/{by}/class/{class}/id/{cateId}/lang/{lang}/page/{catePg}/year/{year}.html",
"筛选":{
"1":[
{
"key":"class",
"name":"分类",
"value":[
{"n":"全部","v":""},
{"n":"喜剧","v":"喜剧片"},
{"n":"爱情","v":"爱情片"},
{"n":"恐怖","v":"恐怖片"},
{"n":"动作","v":"动作片"},
{"n":"科幻","v":"科幻片"},
{"n":"剧情","v":"剧情片"},
{"n":"战争","v":"战争片"},
{"n":"灾难","v":"灾难片"},
{"n":"犯罪","v":"犯罪片"},
{"n":"动画","v":"动画电影"},
{"n":"奇幻","v":"奇幻片"},
{"n":"冒险","v":"冒险片"},
{"n":"悬疑","v":"悬疑片"},
{"n":"惊悚","v":"惊悚片"},
{"n":"网络电影","v":"网络电影"}
]
},
{
"key":"area",
"name":"地区",
"value":[
{"n":"全部","v":""},
{"n":"中国大陆","v":"大陆"},
{"n":"中国香港","v":"香港"},
{"n":"中国台湾","v":"台湾"},
{"n":"欧美","v":"欧美"},
{"n":"日本","v":"日本"},
{"n":"韩国","v":"韩国"},
{"n":"新马","v":"新马"},
{"n":"泰国","v":"泰国"},
{"n":"其他","v":"其它"}
]
},
{
"key":"year",
"name":"年份",
"value":[
{"n":"全部","v":""},
{"n":"2022","v":"2022"},
{"n":"2021","v":"2021"},
{"n":"2020","v":"2020"},
{"n":"2019","v":"2019"},
{"n":"2018","v":"2018"},
{"n":"2017","v":"2017"},
{"n":"2016","v":"2016"},
{"n":"2015","v":"2015"},
{"n":"2014","v":"2014"},
{"n":"2013","v":"2013"},
{"n":"2012","v":"2012"},
{"n":"2011","v":"2011"},
{"n":"2010","v":"2010"}
]
},
{
"key":"by",
"name":"排序",
"value":[
{"n":"全部","v":""},
{"n":"时间","v":"time"},
{"n":"人气","v":"hits"},
{"n":"评分","v":"score"}
]
}
],
"2":[
{
"key":"class",
"name":"剧情",
"value":[
{"n":"全部","v":""},
{"n":"古装","v":"电视剧-古装"},
{"n":"战争","v":"电视剧-战争"},
{"n":"喜剧","v":"电视剧-喜剧"},
{"n":"家庭","v":"电视剧-家庭"},
{"n":"犯罪","v":"电视剧-犯罪"},
{"n":"动作","v":"电视剧-动作"},
{"n":"奇幻","v":"电视剧-奇幻"},
{"n":"剧情","v":"电视剧-剧情"},
{"n":"科幻","v":"电视剧-科幻"},
{"n":"惊悚","v":"电视剧-惊悚"},
{"n":"恐怖","v":"电视剧-恐怖"},
{"n":"悬疑","v":"电视剧-悬疑"},
{"n":"穿越","v":"电视剧-穿越"},
{"n":"其他","v":"电视剧-其它"}
]
},
{
"key":"area",
"name":"地区",
"value":[
{"n":"全部","v":""},
{"n":"中国大陆","v":"大陆"},
{"n":"中国香港","v":"香港"},
{"n":"中国台湾","v":"台湾"},
{"n":"欧美","v":"欧美"},
{"n":"日本","v":"日本"},
{"n":"韩国","v":"韩国"},
{"n":"泰国","v":"泰国"},
{"n":"新马","v":"新马"},
{"n":"其他","v":"其它"}
]
},
{
"key":"year",
"name":"年份",
"value":[
{"n":"全部","v":""},
{"n":"2022","v":"2022"},
{"n":"2021","v":"2021"},
{"n":"2020","v":"2020"},
{"n":"2019","v":"2019"},
{"n":"2018","v":"2018"},
{"n":"2017","v":"2017"},
{"n":"2016","v":"2016"},
{"n":"2015","v":"2015"},
{"n":"2014","v":"2014"},
{"n":"2013","v":"2013"},
{"n":"2012","v":"2012"},
{"n":"2011","v":"2011"},
{"n":"2010","v":"2010"},
{"n":"2009","v":"2009"},
{"n":"2008","v":"2008"},
{"n":"2007","v":"2007"},
{"n":"2006","v":"2006"},
{"n":"2005","v":"2005"},
{"n":"2004","v":"2004"}
]
},
{
"key":"by",
"name":"排序",
"value":[
{"n":"全部","v":""},
{"n":"时间","v":"time"},
{"n":"人气","v":"hits"},
{"n":"评分","v":"score"}
]
}
],
"4":[
{
"key":"area",
"name":"地区",
"value":[
{"n":"全部","v":""},
{"n":"中国","v":"大陆"},
{"n":"日本","v":"日本"},
{"n":"欧美","v":"欧美"},
{"n":"其他","v":"其它"}
]
},
{
"key":"year",
"name":"年份",
"value":[
{"n":"全部","v":""},
{"n":"2022","v":"2022"},
{"n":"2021","v":"2021"},
{"n":"2020","v":"2020"},
{"n":"2019","v":"2019"},
{"n":"2018","v":"2018"},
{"n":"2017","v":"2017"},
{"n":"2016","v":"2016"},
{"n":"2015","v":"2015"},
{"n":"2014","v":"2014"},
{"n":"2013","v":"2013"},
{"n":"2012","v":"2012"},
{"n":"2011","v":"2011"},
{"n":"2010","v":"2010"},
{"n":"2009","v":"2009"},
{"n":"2008","v":"2008"},
{"n":"2007","v":"2007"},
{"n":"2006","v":"2006"},
{"n":"2005","v":"2005"},
{"n":"2004","v":"2004"}
]
},
{
"key":"by",
"name":"排序",
"value":[
{"n":"全部","v":""},
{"n":"时间","v":"time"},
{"n":"人气","v":"hits"},
{"n":"评分","v":"score"}
]
}
],
"3":[
{
"key":"area",
"name":"地区",
"value":[
{"n":"全部","v":""},
{"n":"大陆","v":"大陆"},
{"n":"香港","v":"香港"},
{"n":"韩国","v":"韩国"},
{"n":"日本","v":"日本"},
{"n":"台湾","v":"台湾"},
{"n":"欧美","v":"欧美"}
]
},
{
"key":"year",
"name":"年份",
"value":[
{"n":"全部","v":""},
{"n":"2022","v":"2022"},
{"n":"2021","v":"2021"},
{"n":"2020","v":"2020"},
{"n":"2019","v":"2019"},
{"n":"2018","v":"2018"},
{"n":"2017","v":"2017"},
{"n":"2016","v":"2016"},
{"n":"2015","v":"2015"},
{"n":"2014","v":"2014"},
{"n":"2013","v":"2013"},
{"n":"2012","v":"2012"},
{"n":"2011","v":"2011"},
{"n":"2010","v":"2010"},
{"n":"2009","v":"2009"},
{"n":"2008","v":"2008"},
{"n":"2007","v":"2007"},
{"n":"2006","v":"2006"},
{"n":"2005","v":"2005"},
{"n":"2004","v":"2004"}
]
},
{
"key":"by",
"name":"排序",
"value":[
{"n":"全部","v":""},
{"n":"时间","v":"time"},
{"n":"人气","v":"hits"},
{"n":"评分","v":"score"}
]
}
],
"21":[
{
"key":"area",
"name":"地区",
"value":[
{"n":"全部","v":""},
{"n":"中国","v":"大陆"},
{"n":"香港","v":"香港"},
{"n":"台湾","v":"台湾"},
{"n":"韩国","v":"韩国"},
{"n":"欧美","v":"欧美"},
{"n":"日本","v":"日本"},
{"n":"其他","v":"其它"}
]
},
{
"key":"by",
"name":"排序",
"value":[
{"n":"全部","v":""},
{"n":"时间","v":"time"},
{"n":"人气","v":"hits"},
{"n":"评分","v":"score"}
]
}
]
}
}
