{
  "作者": "菜妮丝https://cainisi.cf",
  "站名": "佑尘云影视",
  "主页url": "http://app.i7yc.cn",
  
  "分类": "动作$6#喜剧$7",
  
  "分类url": "http://app.i7yc.cn/index.php/vod/type/id/{cateId}/page/{catePg}.html",
  
  "数组": "lazy lazyload&&</a>",
  "图片": "data-src=\"&&\"",
  "副标题": "module-item-text\">&&</div>",
  
  "搜索模式": "1",
  "搜索url": "/index.php/vod/search/page/1/wd/{wd}.html",
  "搜索数组": "lazy lazyload&&/a>",
  "搜索图片": "data-src=\"&&\"",
  "搜索标题": "alt=\"&&\"",
  "搜索链接": "href=\"&&\"",
  "搜索副标题": "title*>&&<",
  
  "导演": "导演：&&</div>",
  "主演": "主演：&&</div>",
  "简介": "display: none;\">&&<span",
  
  "线路数组": "data-dropdown-value=&&</div>",
  "线路标题": "<span>&&</small>[替换:</span><small>>>👉]+集♥",
  
  "播放数组": "<div class=\"module-blocklist\">&&</div>"}