{
"站名": "兄弟影院",
"主页url": "https://brovod.com/",
"请求头": "",
"头部集合": "User-Agent$Mozilla/5.0 (iPhone; CPU iPhone OS 13_2_3 like Mac OS X) AppleWebKit/605.1.15 (KHTML, like Gecko) Version/13.0.3 Mobile/15E148 Safari/604.1#Referer$https://brovod.com/",
"热门推荐": "",
"起始页": "1",
"直接播放": "0",
"倒序播放": "0",
"图片代理": "0",
"二次截取": "",
"数组": "<a class=\"stui-vodlist__thumb&&</a>",
"图片": "data-original=\"&&\"",
"标题": "title=\"&&\"",
"副标题": "class=\"pic-text text-right\">&&</span>",
"链接": "href=\"&&\"",
"链接前缀": "https://brovod.com",

"线路二次截取": "",
"线路数组": "<h3 class=\"title&&/h3>",
"线路标题": ">&&<",
"线路链接": "",
"影片类型": "类型：&&</p>",
"影片年代": "年份：&&</p>",
"影片地区": "地区：&&</p>",
"导演": "导演：&&</p>",
"主演": "主演：&&</p>",
"简介": "<div class=\"module-info-introduction-content show-desc\" style=\"line-height: 20px;\">&&</span>",
"搜索url": "https://brovod.com/index.php/ajax/suggest.html?mid=1&wd={wd}",
"搜索模式": "0",
"搜索二次截取": "class=\"module-&&id=\"page",
"搜索数组": "<a&&</a>",
"搜索图片": "data-original=\"&&\"",
"搜索标题": "title=\"&&\"",
"搜索副标题": "",
"搜索链接": "href=\"&&\"",
"搜索链接前缀": "https://brovod.com/detail/",
"播放二次截取": "/",
"播放数组": "class=\"stui-content__playlist&&/ul>",
"列表二次截取": "",
"播放列表": "<a&&/a>",
"播放标题": ">&&<",
"播放链接": "href=\"&&\"",
"播放链接前缀": "https://brovod.com",
"播放链接后缀": "",
"免嗅": "1",
"嗅探词":"",
"过滤词":"",
"播放请求头": "User-Agent$Mozilla/5.0 (iPhone; CPU iPhone OS 13_2_3 like Mac OS X) AppleWebKit/605.1.15 (KHTML, like Gecko) Version/13.0.3 Mobile/15E148 Safari/604.1#Referer$https://brovod.com/",
"分类url": "https://brovod.com/show/{cateId}-{area}-{by}-{class}-{lang}----{catePg}---{year}/",
"分类": "电影$1#电视剧$2#综艺$3#动漫$4#记录$5",
"分类二次截取": "",
"分类数组": "",
"分类标题": "",
"分类ID": "",
"类型": "",
"剧情": "全部&古装&战争&青春偶像&喜剧&家庭&犯罪&动作&奇幻&剧情&历史&经典&乡村&情景&商战&网剧&其他",
"地区": "全部&大陆&香港&美国&韩国&泰国&英国&新加坡&其他",
"年份": "2022&2021&2020&2019&2018&2017&2016&2015&2014&2013&2012&2011&2010&2009&2008&2007&2006&2005&2004",
"排序": "time&hits&score",
"筛选": ""
}