{
  "作者": "菜妮丝https://cainisi.cf",
  "站名": "厂长资源",
  "主页url": "https://www.c-zzy.com",
  "头部集合": "User-Agent$Mozilla/5.0 (Windows NT 10.0; Win64; x64) AppleWebKit/537.36 (KHTML, like Gecko) Chrome/108.0.0.0 Safari/537.36 Edg/108.0.1462.54#Cookie$myannoun=1; Hm_lvt_c08e84f2c697dc9d0af77ff0dbfb3d6d=1670321007,1671784910,1672743612; Hm_lvt_d06dda04a24e89e1117ee1455e217c30=1670321007,1671784910,1672743612; Hm_lpvt_d06dda04a24e89e1117ee1455e217c30=1672743885; Hm_lpvt_c08e84f2c697dc9d0af77ff0dbfb3d6d=1672743885",
  
  "分类": "豆瓣电影Top250&最新电影&高分影视&电视剧&国产剧&美剧&韩剧&番剧&动漫",
  "分类值": "dbtop250&zuixindianying&gaofenyingshi&dsj&gcj&meijutt&hanjutv&fanju&dm",
  
  "分类url": "https://www.c-zzy.com/{cateId}/page/{catePg}",
  
  "数组": "<li>&&</li>",
  "图片": "data-original=\"&&\"",
  "标题": "alt=\"&&\"",
  "链接": "href=\"&&\"",
  "副标题": "qb\">&&</span>",
  
  "搜索模式": "1",
  "搜索url": "/xssearch?q={wd}&f=_all&p={pg}",
  "搜索数组": "<li>&&</li>",
  "搜索图片": "data-original=\"&&\"",
  "搜索标题": "alt=\"&&\"",
  "搜索链接": "href=\"&&\"",
  "搜索副标题": "jidi\"><span>&&</span>",
  
  "影片年代": "年份：&&</li>",
  "影片地区": "地区：&&</li>",
  "影片类型": "类型：&&</li>",
  "导演": "导演：&&</li>",
  "主演": "主演：&&</li>",
  "简介": "<p>&&</p>",
  
  "线路数组": "<div class=\"mi_paly_box\">&&</div>",
  "线路标题": "<span>&&</span>[替换:在线观看>>播放列表]",
  
  "播放数组": "<div class=\"paly_list_btn\">&&</div>",
  "播放列表": "<a&&/a>",
  "播放标题": ">&&<[替换:立即播放>>空]",
  "播放链接": "href=\"&&\""
}