{
  "作者": "sm",
  "站名": "哔兔影视",
  "头部集合": "User-Agent$Mozilla/5.0 (iPhone; CPU iPhone OS 13_2_3 like Mac OS X) AppleWebKit/605.1.15 (KHTML, like Gecko) Version/13.0.3 Mobile/15E148 Safari/604.1#Referer$https://www.bilituys.com/",
  "主页url": "https://www.bilituys.com",

  "二次截取": "",
  "数组": "<a class=\"stui-vodlist__thumb&&</a>",
  "图片": "data-original=\"&&\"",
  "标题": "title=\"&&\"",
  "副标题": "class=\"pic-text text-right\">&&</span>+'+class=\"pic-text1 text-right\">&&</span>",
  "链接": "href=\"&&\"",
  "链接前缀": "https://www.bilituys.com",
 
  "线路数组": "<h3 class=\"title\"&&/h3>",
  "线路标题": ">&&<",
  "影片类型": "类型：&&</p>",
  "导演": "导演：&&</p>",
  "主演": "主演：&&</p>",
  "简介": "简介：</span>&&</p>",
  "播放数组": "<ul class=\"stui-content__playlist&&</ul>",
  "播放链接前缀": "https://www.bilituys.com",
  
  "免嗅": "1",
  "嗅探词":".m3u8#.mp4#banyung.vip#m3u8?",
  "过滤词":".html#=http",
  "分类": "电影$1#电视剧$2#综艺$3#动漫$4",
  "分类url": "https://www.bilituys.com/bilishow/{cateId}-{area}-{by}-{class}-----{catePg}---{year}.html",
  "搜索模式": "1",
  "搜索url": "/vodsearch/{wd}-/page/1.html", 
  "搜索数组": "module-card-item-class&&referrerpolicy=\"no-referrer\"",
  "搜索图片": "data-original=\"&&\"",
  "搜索标题": "alt=\"&&\"",
  "搜索副标题": "module-item-note\">&&</div>",
  "搜索链接": "href=\"&&\"",
  "搜索链接前缀": "https://www.bilituys.com",
  "搜索后缀": "/bilidetail/",
  "筛选":{
    "1":[
      {"key":"class","name":"剧情","value":[{"n":"全部","v":""},
        {"n":"动画","v":"动画"},
        {"n":"动作","v":"动作"},
        {"n":"喜剧","v":"喜剧"},
        {"n":"爱情","v":"爱情"},
        {"n":"科幻","v":"科幻"},
        {"n":"剧情","v":"剧情"},
        {"n":"悬疑","v":"悬疑"},
        {"n":"惊悚","v":"惊悚"},
        {"n":"恐怖","v":"恐怖"},
        {"n":"犯罪","v":"犯罪"},
        {"n":"谍战","v":"谍战"},
        {"n":"冒险","v":"冒险"},
        {"n":"奇幻","v":"奇幻"},
        {"n":"灾难","v":"灾难"},
        {"n":"战争","v":"战争"},
        {"n":"歌舞","v":"歌舞"},
        {"n":"历史","v":"历史"},
        {"n":"传记","v":"传记"},
        {"n":"其他","v":"其他"}
      ]},
      {"key":"area","name":"地区","value":[{"n":"全部","v":""},
        {"n":"大陆","v":"中国大陆"},
        {"n":"香港","v":"中国香港"},
        {"n":"台湾","v":"中国台湾"},
        {"n":"美国","v":"美国"},
        {"n":"法国","v":"法国"},
        {"n":"英国","v":"英国"},
        {"n":"日本","v":"日本"},
        {"n":"韩国","v":"韩国"},
        {"n":"德国","v":"德国"},
        {"n":"泰国","v":"泰国"},
        {"n":"印度","v":"印度"},
        {"n":"意大利","v":"意大利"},
        {"n":"西班牙","v":"西班牙"},
        {"n":"加拿大","v":"加拿大"},
        {"n":"其他","v":"其他"}
      ]},
      {"key":"year","name":"年份","value":[{"n":"全部","v":""},{"n":"2023","v":"2023"},
        {"n":"2022","v":"2022"},{"n":"2021","v":"2021"},{"n":"2020","v":"2020"},{"n":"2019","v":"2019"},
        {"n":"2018","v":"2018"},{"n":"2017","v":"2017"},{"n":"2016","v":"2016"},{"n":"2015","v":"2015"},
        {"n":"2014","v":"2014"},{"n":"2013","v":"2013"},{"n":"2012","v":"2012"},{"n":"2011","v":"2011"}
      ]},
      {"key":"by","name":"排序","value":[{"n":"时间","v":"time"},{"n":"人气","v":"hits"},{"n":"评分","v":"score"}]}
    ],
    "2":[
      {"key":"class","name":"剧情","value":[{"n":"全部","v":""},
        {"n":"武侠","v":"武侠"},
        {"n":"喜剧","v":"喜剧"},
        {"n":"爱情","v":"爱情"},
        {"n":"剧情","v":"剧情"},
        {"n":"青春","v":"青春"},
        {"n":"悬疑","v":"悬疑"},
        {"n":"科幻","v":"科幻"},
        {"n":"军事","v":"军事"},
        {"n":"警匪","v":"警匪"},
        {"n":"谍战","v":"谍战"},
        {"n":"奇幻","v":"奇幻"},
        {"n":"偶像","v":"偶像"},
        {"n":"年代","v":"年代"},
        {"n":"乡村","v":"乡村"},
        {"n":"都市","v":"都市"},
        {"n":"家庭","v":"家庭"},
        {"n":"古装","v":"古装"},
        {"n":"历史","v":"历史"},
        {"n":"神话","v":"神话"},
        {"n":"其他","v":"其他"}
      ]},
      {"key":"area","name":"地区","value":[{"n":"全部","v":""},
        {"n":"大陆","v":"中国大陆"},
        {"n":"香港","v":"中国香港"},
        {"n":"台湾","v":"中国台湾"},
        {"n":"美国","v":"美国"},
        {"n":"韩国","v":"韩国"},
        {"n":"日本","v":"日本"},
        {"n":"法国","v":"法国"},
        {"n":"英国","v":"英国"},
        {"n":"德国","v":"德国"},
        {"n":"泰国","v":"泰国"},
        {"n":"印度","v":"印度"},
        {"n":"其他","v":"其他"}
      ]},
      {"key":"year","name":"年份","value":[{"n":"全部","v":""},{"n":"2023","v":"2023"},
        {"n":"2022","v":"2022"},{"n":"2021","v":"2021"},{"n":"2020","v":"2020"},{"n":"2019","v":"2019"},
        {"n":"2018","v":"2018"},{"n":"2017","v":"2017"},{"n":"2016","v":"2016"},{"n":"2015","v":"2015"},
        {"n":"2014","v":"2014"},{"n":"2013","v":"2013"},{"n":"2012","v":"2012"},{"n":"2011","v":"2011"}
      ]},
      {"key":"by","name":"排序","value":[{"n":"时间","v":"time"},{"n":"人气","v":"hits"},{"n":"评分","v":"score"}]}
    ],
    "3":[
      {"key":"class","name":"剧情","value":[{"n":"全部","v":""},
        {"n":"脱口秀","v":"脱口秀"},
        {"n":"真人秀","v":"真人秀"},
        {"n":"搞笑","v":"搞笑"},
        {"n":"访谈","v":"访谈"},
        {"n":"生活","v":"生活"},
        {"n":"晚会","v":"晚会"},
        {"n":"美食","v":"美食"},
        {"n":"游戏","v":"游戏"},
        {"n":"亲子","v":"亲子"},
        {"n":"旅游","v":"旅游"},
        {"n":"文化","v":"文化"},
        {"n":"体育","v":"体育"},
        {"n":"时尚","v":"时尚"},
        {"n":"纪实","v":"纪实"},
        {"n":"益智","v":"益智"},
        {"n":"演艺","v":"演艺"},
        {"n":"歌舞","v":"歌舞"},
        {"n":"音乐","v":"音乐"},
        {"n":"播报","v":"播报"},
        {"n":"其他","v":"其他"}
      ]},
      {"key":"area","name":"地区","value":[{"n":"全部","v":""},
        {"n":"大陆","v":"中国大陆"},
        {"n":"香港","v":"中国香港"},
        {"n":"台湾","v":"中国台湾"},
        {"n":"美国","v":"美国"},
        {"n":"韩国","v":"韩国"},
        {"n":"日本","v":"日本"},
        {"n":"法国","v":"法国"},
        {"n":"英国","v":"英国"},
        {"n":"德国","v":"德国"},
        {"n":"泰国","v":"泰国"},
        {"n":"印度","v":"印度"},
        {"n":"其他","v":"其他"}
      ]},
      {"key":"year","name":"年份","value":[{"n":"全部","v":""},{"n":"2023","v":"2023"},
        {"n":"2022","v":"2022"},{"n":"2021","v":"2021"},{"n":"2020","v":"2020"},{"n":"2019","v":"2019"},
        {"n":"2018","v":"2018"},{"n":"2017","v":"2017"},{"n":"2016","v":"2016"},{"n":"2015","v":"2015"},
        {"n":"2014","v":"2014"},{"n":"2013","v":"2013"},{"n":"2012","v":"2012"},{"n":"2011","v":"2011"}
      ]},
      {"key":"by","name":"排序","value":[{"n":"时间","v":"time"},{"n":"人气","v":"hits"},{"n":"评分","v":"score"}]}
    ],
    "4":[
      {"key":"class","name":"剧情","value":[{"n":"全部","v":""},
        {"n":"热血","v":"热血"},
        {"n":"格斗","v":"格斗"},
        {"n":"恋爱","v":"恋爱"},
        {"n":"少女","v":"少女"},
        {"n":"校园","v":"校园"},
        {"n":"搞笑","v":"搞笑"},
        {"n":"神魔","v":"神魔"},
        {"n":"机战","v":"机战"},
        {"n":"科幻","v":"科幻"},
        {"n":"真人","v":"真人"},
        {"n":"青春","v":"青春"},
        {"n":"魔法","v":"魔法"},
        {"n":"神话","v":"神话"},
        {"n":"冒险","v":"冒险"},
        {"n":"运动","v":"运动"},
        {"n":"竞技","v":"竞技"},
        {"n":"童话","v":"童话"},
        {"n":"亲子","v":"亲子"},
        {"n":"教育","v":"教育"},
        {"n":"励志","v":"励志"},
        {"n":"剧情","v":"剧情"},
        {"n":"其他","v":"其他"}
      ]},
      {"key":"area","name":"地区","value":[{"n":"全部","v":""},
        {"n":"大陆","v":"中国大陆"},
        {"n":"日本","v":"日本"},
        {"n":"美国","v":"美国"},
        {"n":"其他","v":"其他"}
      ]},
      {"key":"year","name":"年份","value":[{"n":"全部","v":""},{"n":"2023","v":"2023"},
        {"n":"2022","v":"2022"},{"n":"2021","v":"2021"},{"n":"2020","v":"2020"},{"n":"2019","v":"2019"},
        {"n":"2018","v":"2018"},{"n":"2017","v":"2017"},{"n":"2016","v":"2016"},{"n":"2015","v":"2015"},
        {"n":"2014","v":"2014"},{"n":"2013","v":"2013"},{"n":"2012","v":"2012"},{"n":"2011","v":"2011"}
      ]},
      {"key":"by","name":"排序","value":[{"n":"时间","v":"time"},{"n":"人气","v":"hits"},{"n":"评分","v":"score"}]}
    ]
  }
}