{
  "作者": "菜妮丝https://cainisi.cf",
  "站名": "喵喵电影",
  "主页url": "https://www.2345ka.com",
  
  "分类": "电影&电视剧&综艺&动漫&音乐",
  "分类值": "1&2&3&4&6",
  
  "分类url": "https://www.2345ka.com/t/{cateId}/{catePg}.html",
  
  "二次截取": "movie-list-body flex\">&&<div id=\"page\">",
  "标题": "title=\"&&\"[替换:影片信息>>空]",
  
  "搜索模式": "1",
  "搜索url": "/s/{wd}/{pg}.html",
  "搜索数组": "<div class=\"box flex\">&&txtHide\">",
  "搜索图片": "data-original=\"&&\"",
  "搜索标题": "title=\"&&\"",
  "搜索链接": "href=\"&&\"",
  
  "主演": "演员：&&</p>",
  "简介": "detailsTxt\">&&<div",
  
  "线路数组": "<a class=\"titleName&&/a>",
  "线路标题": ">&&<[替换:（>>👉#）>>集♥]",
  
  "播放数组": "<ul class=\"content_playlist&&</ul>",
  "播放列表": "<a&&/a>",
  "播放标题": ">&&<",
  "播放链接": "href=\"&&\""
}