{
  "分类": "电影$BLdianying#连续剧$Fuju#综艺$BLzongyi#动漫$BLdongman",
  "分类url":"https://www.fuju1.tv/vodshow/{cateId}/area/{area}/by/{by}/class/{class}/page/{catePg}/year/{year}.html",
  //"线路数组": "data-toggle=\"tab&&</a>",
  //"线路标题": ">&&</a>",
  "简介": "简介</span>&&</p>",
  "播放数组":"class=\"myui-content__list &&</ul>",
  "筛选": {
"BLdianying":[
  {"key":"class","name":"剧情","value":[
  {"n":"全部","v":""},
  {"n":"传记","v":"传记"},
  {"n":"剧情","v":"剧情"},
  {"n":"校园","v":"校园"},
  {"n":"喜剧","v":"喜剧"},
  {"n":"家庭","v":"家庭"},
  {"n":"运动","v":"运动"},
  {"n":"腐向","v":"腐向"},
  {"n":"奇幻","v":"奇幻"},
  {"n":"现代","v":"现代"},
  {"n":"惊悚","v":"惊悚"},
  {"n":"古装","v":"古装"},
  {"n":"犯罪","v":"犯罪"},
  {"n":"悬疑","v":"悬疑"},
  {"n":"HE","v":"HE"},
  {"n":"BE","v":"BE"},
  {"n":"小说改编","v":"小说改编"},
  {"n":"真实改编","v":"真实改编"},
  {"n":"微电影","v":"微电影"}]},

  {"key":"area","name":"地区","value":[
  {"n":"全部","v":""},
  {"n":"泰国","v":"泰国"},
  {"n":"内地","v":"内地"},
  {"n":"台湾","v":"台湾"},
  {"n":"香港","v":"香港"},
  {"n":"韩国","v":"韩国"},
  {"n":"英国","v":"英国"},
  {"n":"越南","v":"越南"},
  {"n":"日本","v":"日本"},
  {"n":"法国","v":"法国"},
  {"n":"意大利","v":"意大利"},
  {"n":"美国","v":"美国"},
  {"n":"西班牙","v":"西班牙"},
  {"n":"菲律宾","v":"菲律宾"},
  {"n":"其它地区","v":"其它地区"}]},
  
  {"key":"year","name":"年份","value":[
  {"n":"全部","v":""},
  {"n":"2022","v":"2022"},
  {"n":"2021","v":"2021"},
  {"n":"2020","v":"2020"},
  {"n":"2019","v":"2019"},
  {"n":"2018","v":"2018"},
  {"n":"2017","v":"2017"},
  {"n":"2016","v":"2016"},
  {"n":"2015","v":"2015"},
  {"n":"2014","v":"2014"},
  {"n":"2013","v":"2013"},
  {"n":"2012","v":"2012"},
  {"n":"2011","v":"2011"},
  {"n":"2010","v":"2010"},
  {"n":"2009","v":"2009"},
  {"n":"2008","v":"2008"},
  {"n":"2006","v":"2006"},
  {"n":"2005","v":"2005"},
  {"n":"2004","v":"2004"}]},
  
  {"key":"by","name":"排序","value":[
  {"n":"时间","v":"time"},
  {"n":"人气","v":"hits"},
  {"n":"评分","v":"score"}]}],
  
"Fuju":[
  {"key":"class","name":"剧情","value":[
  {"n":"全部","v":""},
  {"n":"校园","v":"校园"},
  {"n":"腐向","v":"腐向"},
  {"n":"喜剧","v":"喜剧"},
  {"n":"家庭","v":"家庭"},
  {"n":"运动","v":"运动"},
  {"n":"奇幻","v":"奇幻"},
  {"n":"惊悚","v":"惊悚"},
  {"n":"现代","v":"现代"},
  {"n":"古装","v":"古装"},
  {"n":"犯罪","v":"犯罪"},
  {"n":"悬疑","v":"悬疑"},
  {"n":"HE","v":"HE"},
  {"n":"BE","v":"BE"},
  {"n":"耽改","v":"耽改"},
  {"n":"小说改编","v":"小说改编"},
  {"n":"漫画改编","v":"漫画改编"}]},
  
  {"key":"area","name":"地区","value":[
  {"n":"全部","v":""},
  {"n":"泰国","v":"泰国"},
  {"n":"内地","v":"内地"},
  {"n":"台湾","v":"台湾"},
  {"n":"香港","v":"香港"},
  {"n":"韩国","v":"韩国"},
  {"n":"英国","v":"英国"},
  {"n":"越南","v":"越南"},
  {"n":"日本","v":"日本"},
  {"n":"法国","v":"法国"},
  {"n":"意大利","v":"意大利"},
  {"n":"美国","v":"美国"},
  {"n":"西班牙","v":"西班牙"},
  {"n":"菲律宾","v":"菲律宾"},
  {"n":"其它地区","v":"其它地区"}]},
  
  {"key":"year","name":"年份","value":[
  {"n":"全部","v":""},
  {"n":"2022","v":"2022"},
  {"n":"2021","v":"2021"},
  {"n":"2020","v":"2020"},
  {"n":"2019","v":"2019"},
  {"n":"2018","v":"2018"},
  {"n":"2017","v":"2017"},
  {"n":"2016","v":"2016"},
  {"n":"2015","v":"2015"},
  {"n":"2014","v":"2014"},
  {"n":"2013","v":"2013"},
  {"n":"2012","v":"2012"},
  {"n":"2011","v":"2011"},
  {"n":"2010","v":"2010"},
  {"n":"2009","v":"2009"},
  {"n":"2008","v":"2008"},
  {"n":"2006","v":"2006"},
  {"n":"2005","v":"2005"},
  {"n":"2004","v":"2004"}]},
  
  {"key":"by","name":"排序","value":[
  {"n":"时间","v":"time"},
  {"n":"人气","v":"hits"},
  {"n":"评分","v":"score"}]}],


"BLzongyi":[
   {"key":"area","name":"地区","value":[
  {"n":"全部","v":""},
  {"n":"泰国","v":"泰国"},
  {"n":"内地","v":"内地"},
  {"n":"台湾","v":"台湾"},
  {"n":"香港","v":"香港"},
  {"n":"韩国","v":"韩国"},
  {"n":"英国","v":"英国"},
  {"n":"越南","v":"越南"},
  {"n":"日本","v":"日本"},
  {"n":"法国","v":"法国"},
  {"n":"意大利","v":"意大利"},
  {"n":"美国","v":"美国"},
  {"n":"西班牙","v":"西班牙"},
  {"n":"菲律宾","v":"菲律宾"},
  {"n":"其它地区","v":"其它地区"}]},
  
  {"key":"year","name":"年份","value":[
  {"n":"全部","v":""},
  {"n":"2022","v":"2022"},
  {"n":"2021","v":"2021"},
  {"n":"2020","v":"2020"},
  {"n":"2019","v":"2019"},
  {"n":"2018","v":"2018"},
  {"n":"2017","v":"2017"},
  {"n":"2016","v":"2016"},
  {"n":"2015","v":"2015"},
  {"n":"2014","v":"2014"},
  {"n":"2013","v":"2013"},
  {"n":"2012","v":"2012"},
  {"n":"2011","v":"2011"},
  {"n":"2010","v":"2010"},
  {"n":"2009","v":"2009"},
  {"n":"2008","v":"2008"},
  {"n":"2006","v":"2006"},
  {"n":"2005","v":"2005"},
  {"n":"2004","v":"2004"}]},
  
  {"key":"by","name":"排序","value":[
  {"n":"时间","v":"time"},
  {"n":"人气","v":"hits"},
  {"n":"评分","v":"score"}]}],

"BLdongman":[
  {"key":"class","name":"剧情","value":[
  {"n":"全部","v":""},
  {"n":"校园","v":"校园"},
  {"n":"喜剧","v":"喜剧"},
  {"n":"家庭","v":"家庭"},
  {"n":"运动","v":"运动"},
  {"n":"腐向","v":"腐向"},
  {"n":"奇幻","v":"奇幻"},
  {"n":"架空","v":"架空"},
  {"n":"惊悚","v":"惊悚"},
  {"n":"现代","v":"现代"},
  {"n":"古代","v":"古代"},
  {"n":"灵异","v":"灵异"},
  {"n":"犯罪","v":"犯罪"},
  {"n":"HE","v":"HE"},
  {"n":"BE","v":"BE"},
  {"n":"小说改编","v":"小说改编"},
  {"n":"漫画改编","v":"漫画改编"}]},
  
  {"key":"area","name":"地区","value":[
  {"n":"全部","v":""},
  {"n":"日本","v":"日本"},
  {"n":"韩国","v":"韩国"},
  {"n":"内地","v":"内地"},
  {"n":"台湾","v":"台湾"},
  {"n":"香港","v":"香港"},
  {"n":"英国","v":"英国"},
  {"n":"越南","v":"越南"},
  {"n":"泰国","v":"泰国"},
  {"n":"法国","v":"法国"},
  {"n":"意大利","v":"意大利"},
  {"n":"美国","v":"美国"},
  {"n":"西班牙","v":"西班牙"},
  {"n":"菲律宾","v":"菲律宾"},
  {"n":"其它地区","v":"其它地区"}]},
  
  {"key":"year","name":"年份","value":[
  {"n":"全部","v":""},
  {"n":"2022","v":"2022"},
  {"n":"2021","v":"2021"},
  {"n":"2020","v":"2020"},
  {"n":"2019","v":"2019"},
  {"n":"2018","v":"2018"},
  {"n":"2017","v":"2017"},
  {"n":"2016","v":"2016"},
  {"n":"2015","v":"2015"},
  {"n":"2014","v":"2014"},
  {"n":"2013","v":"2013"},
  {"n":"2012","v":"2012"},
  {"n":"2011","v":"2011"},
  {"n":"2010","v":"2010"},
  {"n":"2009","v":"2009"},
  {"n":"2008","v":"2008"},
  {"n":"2006","v":"2006"},
  {"n":"2005","v":"2005"},
  {"n":"2004","v":"2004"}]},
  
  {"key":"by","name":"排序","value":[
  {"n":"时间","v":"time"},
  {"n":"人气","v":"hits"},
  {"n":"评分","v":"score"}]}]}
 }
