{
	"主页url": "https://xy1080.cc/index.php/ajax/data?mid=1&tid=1&page=1&limit=20",
	"请求头": "User-Agent$Mozilla/5.0 (iPhone; CPU iPhone OS 15_2 like Mac OS X) AppleWebKit/605.1.15 (KHTML, like Gecko) Version/14.0 Mobile/15E148 Safari/604.1#Referer$https://xy1080.cc/",
	"免嗅": "1",
	"二次截取": "\"list\"*[&&]",
	"数组": "{&&\"vod_content\"",
	"图片": "vod_pic\":\"&&\"",
	"标题": "vod_name\":\"&&\"",
	"副标题": "vod_version\":\"&&\"+vod_remarks\":\"&&\"",
	"链接": "https://xy1080.cc/voddetail/+vod_id\":&&,+/",
	"分类url": "https://xy1080.cc/index.php/ajax/data?mid=1&tid={cateId}&page=1&limit=20;;m",
	"分类": "搜索看$1",
	"搜索模式": "1",
	"搜索url": "https://xy1080.cc/vodsearch/{wd}-------------/",
	"搜索数组": "public-list-exp\"&&thumb-else cor5 hide\"",
	"搜索链接": "href=\"&&\"",
	"搜索链接前缀": "https://xy1080.cc",
	"搜索标题": "thumb-txt cor4 hide\">&&</div",
	"搜索图片": "data-original=\"&&\"",
	"播放数组": "anthology-list-play size&&</ul>",
	"搜索副标题": "class=\"public-list-prb hide ft2\">&&</span",
	"播放链接前缀": "https://xy1080.cc",
	"简介": "check text selected cor3 height_rel\">&&</div",
	"线路数组": "class=\"swiper-slide&&/a>",
	"线路标题": "</i>&&<"
}