{
"站名": "蝶众影院",
"主页url": "https://www.diezz.net/",
//"请求头": "",
"免嗅":"1",
"图片代理": "0",
"分类url":"https://www.diezz.net/vodshow/{cateId}--------{catePg}---.html",
"分类": "电视剧$2#电影$1#动漫$4#综艺$3",
"数组": "class=\"vodlist_item&&</li>",
//"标题": "alt=\"&&\"",
"副标题":"class=\"pic_text text_right\">&&</span>",
//"状态":"<div class=\"detail_list&&</div>",
//"导演": "导演：&&</div",
//"主演": "主演：&&</div",
"简介": "class=\"desc hidden_xs\">&&</li>",
//"线路数组": "class=\"play_source_tab list_scroll clearfix&&</div>",
//"线路标题": "&nbsp&&</a>",
"播放数组":"id=\"playlistbox&&</div>",
"播放标题":">&&<a",
//"播放请求头": "",
//"搜索url": "https://www.diezz.net/vodsearch/-------------.html?wd={wd}",
//"搜索模式": "1",
"搜索数组": "class=\"searchlist_item&&</div>",
//"搜索图片":"data-src=\"&&\"",
//"搜索标题":"title=\"&&\"",
//"搜索链接":"href=\"&&\"",
"搜索链接前缀":"/v/",
"年份":"2004-2022",
"排序":"时间$id#人气$hits",
"筛选":"1"
}