{
"作者":"那里花开",
"站名":"起飞影院",
"主页url":"https://qfitv.com/",
"图片":"data-original=\"&&\"",
"标题":"alt=\"&&\"",
"链接":"href=\"&&\"",
"导演":"导演：&&</div>",
"主演":"主演：&&</div>",
"简介":"<p&&</p>",
"影片类型":"<div class=\"module-info-tag\">&&立即播放",
"搜索模式":"1",
"线路数组":"data-dropdown-value=&&</div>",
"线路标题":"<span>&&</small>",
"播放数组":"class=\"module-play-list&&</div>",
"分类":"电影$1#连续剧$2#综艺$3#动漫$4#纪录片$55#体育$51",
"分类url":"https://qfitv.com/index.php/vod/show/class/{class}/by/{by}/id/{cateId}/page/{catePg}/year/{year}.html",
"免嗅":"1",
"筛选":{
"1":[
{"key":"cateId","name":"剧情","value":[
{"n":"全部","v":"1"},
{"n":"动作片","v":"6"},
{"n":"喜剧片","v":"7"},
{"n":"爱情片","v":"8"},
{"n":"科幻片","v":"9"},
{"n":"恐怖片","v":"10"},
{"n":"剧情片","v":"11"},
{"n":"战争片","v":"12"},
{"n":"冒险片","v":"21"},
{"n":"动画片","v":"22"},
{"n":"同性片","v":"23"},
{"n":"奇幻片","v":"24"},
{"n":"悬疑片","v":"25"},
{"n":"歌舞片","v":"26"},
{"n":"灾难片","v":"27"},
{"n":"犯罪片","v":"28"},
{"n":"经典片","v":"29"},
{"n":"惊悚片","v":"32"},
{"n":"网络电影","v":"网络电影"}]},
  
{"key":"class","name":"地区","value":[
{"n":"全部","v":""},
{"n":"大陆","v":"大陆"},
{"n":"香港","v":"香港"},
{"n":"台湾","v":"台湾"},
{"n":"美国","v":"美国"},
{"n":"法国","v":"法国"},
{"n":"英国","v":"英国"},
{"n":"日本","v":"日本"},
{"n":"韩国","v":"韩国"},
{"n":"德国","v":"德国"},
{"n":"泰国","v":"泰国"},
{"n":"印度","v":"印度"},
{"n":"意大利","v":"意大利"},
{"n":"西班牙","v":"西班牙"},
{"n":"加拿大","v":"加拿大"},
{"n":"其他","v":"其他"}]},

{"key":"year","name":"年份","value":[
{"n":"全部","v":""},
{"n":"2023","v":"2023"},
{"n":"2022","v":"2022"},
{"n":"2021","v":"2021"},
{"n":"2020","v":"2020"},
{"n":"2019","v":"2019"},
{"n":"2018","v":"2018"},
{"n":"2017","v":"2017"},
{"n":"2016","v":"2016"},
{"n":"2015","v":"2015"},
{"n":"2014","v":"2014"},
{"n":"2013","v":"2013"},
{"n":"2012","v":"2012"},
{"n":"2011","v":"2011"},
{"n":"2010","v":"2010"},
{"n":"2009","v":"2009"},
{"n":"2008","v":"2008"},
{"n":"2007","v":"2007"},
{"n":"2006","v":"2006"},
{"n":"2005","v":"2005"},
{"n":"2004","v":"2004"},
{"n":"2003","v":"2003"},
{"n":"2002","v":"2002"}]},
  
{"key":"by","name":"排序","value":[
{"n":"时间","v":"time"},
{"n":"人气","v":"hits"},
{"n":"评分","v":"score"}]}],
  
"2":[
{"key":"cateId","name":"剧情","value":[
{"n":"全部","v":""},
{"n":"国产","v":"13"},
{"n":"香港","v":"14"},
{"n":"台湾","v":"36"},
{"n":"日本","v":"15"},
{"n":"韩国","v":"37"},
{"n":"欧美","v":"16"},
{"n":"泰国","v":"33"},
{"n":"新马","v":"34"},
{"n":"其他","v":"35"}]}, 
  
{"key":"class","name":"地区","value":[
{"n":"全部","v":""},
{"n":"爱情","v":"爱情"},
{"n":"古装","v":"古装"},
{"n":"历史","v":"历史"},
{"n":"科幻","v":"科幻"},
{"n":"武侠","v":"武侠"},
{"n":"犯罪","v":"犯罪"},
{"n":"家庭","v":"家庭"},
{"n":"战争","v":"战争"},
{"n":"悬疑","v":"悬疑"},
{"n":"恐怖","v":"恐怖"},
{"n":"动作","v":"动作"},
{"n":"惊悚","v":"惊悚"},
{"n":"同性","v":"同性"},
{"n":"奇幻","v":"奇幻"},
{"n":"冒险","v":"冒险"},
{"n":"喜剧","v":"喜剧"}]},  
  
{"key":"year","name":"年份","value":[
{"n":"全部","v":""},
{"n":"2023","v":"2023"},
{"n":"2022","v":"2022"},
{"n":"2021","v":"2021"},
{"n":"2020","v":"2020"},
{"n":"2019","v":"2019"},
{"n":"2018","v":"2018"},
{"n":"2017","v":"2017"},
{"n":"2016","v":"2016"},
{"n":"2015","v":"2015"},
{"n":"2014","v":"2014"},
{"n":"2013","v":"2013"},
{"n":"2012","v":"2012"},
{"n":"2011","v":"2011"},
{"n":"2010","v":"2010"},
{"n":"2009","v":"2009"},
{"n":"2008","v":"2008"},
{"n":"2007","v":"2007"},
{"n":"2006","v":"2006"},
{"n":"2005","v":"2005"},
{"n":"2004","v":"2004"},
{"n":"2003","v":"2003"},
{"n":"2002","v":"2002"}]},
  
{"key":"by","name":"排序","value":[
{"n":"时间","v":"time"},
{"n":"人气","v":"hits"},
{"n":"评分","v":"score"}]}],
  
"3":[
{"key":"cateId","name":"地区","value":[
{"n":"全部","v":""},
{"n":"大陆","v":"41"},
{"n":"港台","v":"43"},
{"n":"日本","v":"39"},
{"n":"韩国","v":"40"},
{"n":"欧美","v":"38"},
{"n":"新马泰","v":"42"},
{"n":"其他","v":"44"}]},
  
{"key":"year","name":"年份","value":[
{"n":"全部","v":""},
{"n":"2023","v":"2023"},
{"n":"2022","v":"2022"},
{"n":"2021","v":"2021"},
{"n":"2020","v":"2020"},
{"n":"2019","v":"2019"},
{"n":"2018","v":"2018"},
{"n":"2017","v":"2017"},
{"n":"2016","v":"2016"},
{"n":"2015","v":"2015"},
{"n":"2014","v":"2014"},
{"n":"2013","v":"2013"},
{"n":"2012","v":"2012"},
{"n":"2011","v":"2011"},
{"n":"2010","v":"2010"},
{"n":"2009","v":"2009"},
{"n":"2008","v":"2008"},
{"n":"2007","v":"2007"},
{"n":"2006","v":"2006"},
{"n":"2005","v":"2005"},
{"n":"2004","v":"2004"},
{"n":"2003","v":"2003"},
{"n":"2002","v":"2002"}]},
  
{"key":"by","name":"排序","value":[
{"n":"时间","v":"time"},
{"n":"人气","v":"hits"},
{"n":"评分","v":"score"}]}],
  
"4":[
{"key":"cateId","name":"地区","value":[
{"n":"全部","v":""},
{"n":"大陆","v":"48"},
{"n":"港台","v":"49"},
{"n":"日本","v":"46"},
{"n":"韩国","v":"47"},
{"n":"欧美","v":"45"},
{"n":"新马泰","v":"50"},
{"n":"其他","v":"52"}]},
  
{"key":"class","name":"剧情","value":[
{"n":"全部","v":""},
{"n":"动作","v":"动作"},
{"n":"运动","v":"运动"},
{"n":"冒险","v":"冒险"},
{"n":"动画","v":"动画"},
{"n":"奇幻","v":"奇幻"},
{"n":"歌舞","v":"歌舞"},
{"n":"冒险","v":"冒险"},
{"n":"武侠","v":"武侠"},
{"n":"古装","v":"古装"},  
{"n":"悬疑","v":"悬疑"},
{"n":"惊悚","v":"惊悚"}]},
  
{"key":"year","name":"年份","value":[
{"n":"全部","v":""},
{"n":"2023","v":"2023"},
{"n":"2022","v":"2022"},
{"n":"2021","v":"2021"},
{"n":"2020","v":"2020"},
{"n":"2019","v":"2019"},
{"n":"2018","v":"2018"},
{"n":"2017","v":"2017"},
{"n":"2016","v":"2016"},
{"n":"2015","v":"2015"},
{"n":"2014","v":"2014"},
{"n":"2013","v":"2013"},
{"n":"2012","v":"2012"},
{"n":"2011","v":"2011"},
{"n":"2010","v":"2010"},
{"n":"2009","v":"2009"},
{"n":"2008","v":"2008"},
{"n":"2007","v":"2007"},
{"n":"2006","v":"2006"},
{"n":"2005","v":"2005"},
{"n":"2004","v":"2004"},
{"n":"2003","v":"2003"},
{"n":"2002","v":"2002"}]},
 
{"key":"by","name":"排序","value":[
{"n":"时间","v":"time"},
{"n":"人气","v":"hits"},
{"n":"评分","v":"score"}]}],

"55":[
{"key":"by","name":"排序","value":[
{"n":"时间","v":"time"},
{"n":"人气","v":"hits"},
{"n":"评分","v":"score"}]}],

"51":[
{"key":"by","name":"排序","value":[
{"n":"时间","v":"time"},
{"n":"人气","v":"hits"},
{"n":"评分","v":"score"}]}]}}
