{
"作者":"蓝魔",	
"站名":"麦豆影视",
"主页url":"https://www.mdoutv.com",
"数组":"<li>&&</li>",
"图片":"data-original=\"&&\"",
"标题":"alt=\"&&\"",
"副标题":"class=\"jidi\">&&</span>",
"链接":"href=\"&&\"",
"线路数组":"<div class=\"mi_paly_box\">&&</div>",
"线路标题":"span>&&</span>[替换:span>&&</span>>>]+麦豆蓝光",
"导演":"导演：&&</li>",
"主演":"主演：&&</li>",
"简介":"<p>&&</p>",
"播放数组":"paly_list_btn&&</div",
"搜索url":"https://www.mdoutv.com/search/{wd}/",
"搜索模式":"1",
"搜索二次截取":"class=\"bt_img mi_ne_kd search_list&&class=\"pagenavi_txt",
"搜索数组":"<a&&class=\"zoom-icon",
"搜索图片":"data-original=\"&&\"",
"搜索标题":"alt=\"&&\"",
"搜索链接":"href=\"&&\"",
"分类url":"https://www.mdoutv.com/movie_bt_series/{cateId}/page/{catePg}",
"分类":"国产剧$guocanju#美剧$en#韩剧$hanju#日剧$riju#电影$movie#剧集$tv#综艺$zongyi#动漫$ac",
"分类二次截取":"",
"分类数组":"",
"分类标题":"",
"分类ID":"",
"类型":"",
"剧情":"",

"地区":"",

"年份":"",

"排序":"",

"筛选":""
}